{
  "uas":0.0,
  "las":0.0,
  "ents_p":79.9462234173,
  "ents_r":50.3060879195,
  "ents_f":61.7537102073,
  "tags_acc":100.0,
  "token_acc":100.0
}