{
  "uas":0.0,
  "las":0.0,
  "ents_p":78.7239192526,
  "ents_r":50.0261482142,
  "ents_f":61.1767361372,
  "tags_acc":100.0,
  "token_acc":100.0
}