{
  "uas":0.0,
  "las":0.0,
  "ents_p":80.1010150542,
  "ents_r":50.2507152306,
  "ents_f":61.7580340265,
  "tags_acc":100.0,
  "token_acc":100.0
}