{
  "uas":0.0,
  "las":0.0,
  "ents_p":79.6362217779,
  "ents_r":50.2384101886,
  "ents_f":61.6101407175,
  "tags_acc":100.0,
  "token_acc":100.0
}