{
  "uas":0.0,
  "las":0.0,
  "ents_p":73.0799831516,
  "ents_r":48.0358076722,
  "ents_f":57.9685933846,
  "tags_acc":100.0,
  "token_acc":100.0
}