{
  "uas":0.0,
  "las":0.0,
  "ents_p":78.8260467831,
  "ents_r":49.8631064079,
  "ents_f":61.0853589599,
  "tags_acc":100.0,
  "token_acc":100.0
}