{
  "uas":0.0,
  "las":0.0,
  "ents_p":78.9683504303,
  "ents_r":49.9676992648,
  "ents_f":61.2065717085,
  "tags_acc":100.0,
  "token_acc":100.0
}