{
  "uas":0.0,
  "las":0.0,
  "ents_p":77.0014905996,
  "ents_r":49.2632356108,
  "ents_f":60.0855470509,
  "tags_acc":100.0,
  "token_acc":100.0
}