{
    "performance": {
        "org": {
            "true_positive": 671,
            "false_positive": 519,
            "false_negative": 978,
            "recall": 0.406913280776228,
            "precision": 0.5638655462184874,
            "f1": 0.47270165551250437
        },
        "loc": {
            "true_positive": 1168,
            "false_positive": 278,
            "false_negative": 491,
            "recall": 0.7040385774562989,
            "precision": 0.8077455048409405,
            "f1": 0.7523349436392914
        },
        "per": {
            "true_positive": 1006,
            "false_positive": 217,
            "false_negative": 598,
            "recall": 0.6271820448877805,
            "precision": 0.8225674570727719,
            "f1": 0.7117085249380969
        },
        "misc": {
            "true_positive": 0,
            "false_positive": 0,
            "false_negative": 694,
            "recall": 0.0,
            "precision": 0,
            "f1": 0
        },
        "corpus_average": {
            "true_positive": 2845,
            "false_positive": 1014,
            "false_negative": 2761,
            "recall": 0.5074919728861934,
            "precision": 0.7372376263280642,
            "f1": 0.601162176439514
        }
    },
    "meta": {
        "document_count": 230,
        "sentence_count": 3442,
        "words_count": 46165,
        "entities_count": 5620
    },
    "entity_stats": {
        "avg_entities_per_word": 1.027037617554859
    },
    "time_taken": 29.577899932861328,
    "average_eval_time": 0.008488736341056402
}