{
  "uas":0.0,
  "las":0.0,
  "ents_p":74.9879865449,
  "ents_r":48.0050450672,
  "ents_f":58.5366768573,
  "tags_acc":100.0,
  "token_acc":100.0
}