{
  "uas":0.0,
  "las":0.0,
  "ents_p":79.248046875,
  "ents_r":49.9277078783,
  "ents_f":61.2603091324,
  "tags_acc":100.0,
  "token_acc":100.0
}