{
  "uas":0.0,
  "las":0.0,
  "ents_p":80.0391964723,
  "ents_r":50.2537914911,
  "ents_f":61.7419732789,
  "tags_acc":100.0,
  "token_acc":100.0
}