{
  "uas":0.0,
  "las":0.0,
  "ents_p":79.396618733,
  "ents_r":50.2753253145,
  "ents_f":61.5659904692,
  "tags_acc":100.0,
  "token_acc":100.0
}