{
  "uas":0.0,
  "las":0.0,
  "ents_p":79.6012868005,
  "ents_r":50.2384101886,
  "ents_f":61.5996831564,
  "tags_acc":100.0,
  "token_acc":100.0
}