{
  "uas":0.0,
  "las":0.0,
  "ents_p":73.4485207101,
  "ents_r":47.7312578829,
  "ents_f":57.8609785203,
  "tags_acc":100.0,
  "token_acc":100.0
}