{
  "uas":0.0,
  "las":0.0,
  "ents_p":78.4484848485,
  "ents_r":49.7738948534,
  "ents_f":60.9049160581,
  "tags_acc":100.0,
  "token_acc":100.0
}