{
  "uas":0.0,
  "las":0.0,
  "ents_p":77.8768741262,
  "ents_r":49.6939120805,
  "ents_f":60.6723004695,
  "tags_acc":100.0,
  "token_acc":100.0
}