{
  "uas":0.0,
  "las":0.0,
  "ents_p":80.0587947085,
  "ents_r":50.2660965331,
  "ents_f":61.7570912939,
  "tags_acc":100.0,
  "token_acc":100.0
}