{
  "uas":0.0,
  "las":0.0,
  "ents_p":73.093018832,
  "ents_r":47.2821238502,
  "ents_f":57.4203791912,
  "tags_acc":100.0,
  "token_acc":100.0
}