{
  "uas":0.0,
  "las":0.0,
  "ents_p":79.5463395639,
  "ents_r":50.272249054,
  "ents_f":61.6086407419,
  "tags_acc":100.0,
  "token_acc":100.0
}