{
    "performance": {
        "loc": {
            "true_positive": 1268,
            "false_positive": 220,
            "false_negative": 390,
            "recall": 0.7647768395657418,
            "precision": 0.8521505376344086,
            "f1": 0.8061029879211697
        },
        "per": {
            "true_positive": 1376,
            "false_positive": 72,
            "false_negative": 0,
            "recall": 1.0,
            "precision": 0.9502762430939227,
            "f1": 0.9745042492917847
        },
        "org": {
            "true_positive": 712,
            "false_positive": 245,
            "false_negative": 868,
            "recall": 0.4506329113924051,
            "precision": 0.7439916405433646,
            "f1": 0.5612928655892787
        },
        "corpus_average": {
            "true_positive": 3356,
            "false_positive": 537,
            "false_negative": 1258,
            "recall": 0.7273515387949718,
            "precision": 0.8620601078859491,
            "f1": 0.7889972963441871
        }
    },
    "meta": {
        "document_count": 230,
        "sentence_count": 3442,
        "words_count": 46165,
        "entities_count": 5620
    },
    "entity_stats": {},
    "time_taken": 1120.394863128662,
    "average_eval_time": 0.32547957006406814
}