{
  "uas":0.0,
  "las":0.0,
  "ents_p":74.2923965443,
  "ents_r":47.8819946473,
  "ents_f":58.2326312245,
  "tags_acc":100.0,
  "token_acc":100.0
}