{
    "performance": {
        "org": {
            "true_positive": 0,
            "false_positive": 574,
            "false_negative": 0,
            "recall": 0,
            "precision": 0.0,
            "f1": 0
        },
        "location": {
            "true_positive": 56,
            "false_positive": 96,
            "false_negative": 54,
            "recall": 0.509090909090909,
            "precision": 0.3684210526315789,
            "f1": 0.4274809160305343
        },
        "person": {
            "true_positive": 137,
            "false_positive": 143,
            "false_negative": 215,
            "recall": 0.38920454545454547,
            "precision": 0.48928571428571427,
            "f1": 0.4335443037974684
        },
        "group": {
            "true_positive": 45,
            "false_positive": 0,
            "false_negative": 64,
            "recall": 0.41284403669724773,
            "precision": 1.0,
            "f1": 0.5844155844155845
        },
        "creative-work": {
            "true_positive": 9,
            "false_positive": 9,
            "false_negative": 88,
            "recall": 0.09278350515463918,
            "precision": 0.5,
            "f1": 0.1565217391304348
        },
        "corporation": {
            "true_positive": 29,
            "false_positive": 0,
            "false_negative": 24,
            "recall": 0.5471698113207547,
            "precision": 1.0,
            "f1": 0.7073170731707317
        },
        "product": {
            "true_positive": 3,
            "false_positive": 25,
            "false_negative": 85,
            "recall": 0.03409090909090909,
            "precision": 0.10714285714285714,
            "f1": 0.05172413793103448
        },
        "corpus_total": {
            "true_positive": 279,
            "false_positive": 847,
            "false_negative": 530,
            "recall": 0.34487021013597036,
            "precision": 0.2477797513321492,
            "f1": 0.28837209302325584
        }
    },
    "meta": {
        "document_count": 1286,
        "sentence_count": 1286,
        "words_count": 23376,
        "entities_count": 1078
    },
    "entity_stats": {
        "avg_entities_per_word": 1.0085653104925054
    },
    "time_taken": 26.262612104415894
}