{
  "uas":0.0,
  "las":0.0,
  "ents_p":69.5252832826,
  "ents_r":42.8461562125,
  "ents_f":53.0186524553,
  "tags_acc":100.0,
  "token_acc":100.0
}