{
  "uas":0.0,
  "las":0.0,
  "ents_p":75.0482921084,
  "ents_r":49.0017534685,
  "ents_f":59.2905531155,
  "tags_acc":100.0,
  "token_acc":100.0
}