{
  "uas":0.0,
  "las":0.0,
  "ents_p":75.4170071624,
  "ents_r":48.263450949,
  "ents_f":58.8595010317,
  "tags_acc":100.0,
  "token_acc":100.0
}