{
  "uas":0.0,
  "las":0.0,
  "ents_p":75.6512109394,
  "ents_r":48.3342049405,
  "ents_f":58.9834071627,
  "tags_acc":100.0,
  "token_acc":100.0
}