{
  "uas":0.0,
  "las":0.0,
  "ents_p":80.4352107129,
  "ents_r":50.2599440121,
  "ents_f":61.864101933,
  "tags_acc":100.0,
  "token_acc":100.0
}