{
  "uas":0.0,
  "las":0.0,
  "ents_p":60.3203180676,
  "ents_r":49.4724213246,
  "ents_f":54.3604651163,
  "tags_acc":100.0,
  "token_acc":100.0
}