{
  "uas":0.0,
  "las":0.0,
  "ents_p":72.9312424608,
  "ents_r":46.4976774233,
  "ents_f":56.7891493838,
  "tags_acc":100.0,
  "token_acc":100.0
}