{
  "uas":0.0,
  "las":0.0,
  "ents_p":76.8666730566,
  "ents_r":49.3401421232,
  "ents_f":60.1015494726,
  "tags_acc":100.0,
  "token_acc":100.0
}