{
  "uas":0.0,
  "las":0.0,
  "ents_p":77.6887043029,
  "ents_r":49.4878026271,
  "ents_f":60.4615326794,
  "tags_acc":100.0,
  "token_acc":100.0
}