{
  "uas":0.0,
  "las":0.0,
  "ents_p":79.4875541916,
  "ents_r":50.1984188021,
  "ents_f":61.5355607512,
  "tags_acc":100.0,
  "token_acc":100.0
}