{
  "uas":0.0,
  "las":0.0,
  "ents_p":79.5126705653,
  "ents_r":50.1922662811,
  "ents_f":61.5384615385,
  "tags_acc":100.0,
  "token_acc":100.0
}