{
  "uas":0.0,
  "las":0.0,
  "ents_p":79.4789383979,
  "ents_r":50.2076475836,
  "ents_f":61.539911768,
  "tags_acc":100.0,
  "token_acc":100.0
}