{
  "uas":0.0,
  "las":0.0,
  "ents_p":75.4085045389,
  "ents_r":48.5526194358,
  "ents_f":59.0714299081,
  "tags_acc":100.0,
  "token_acc":100.0
}