{
  "uas":0.0,
  "las":0.0,
  "ents_p":71.0785721122,
  "ents_r":45.6947734334,
  "ents_f":55.6277502107,
  "tags_acc":100.0,
  "token_acc":100.0
}