{
  "uas":0.0,
  "las":0.0,
  "ents_p":79.1237113402,
  "ents_r":50.0538345587,
  "ents_f":61.3178572102,
  "tags_acc":100.0,
  "token_acc":100.0
}