{
  "uas":0.0,
  "las":0.0,
  "ents_p":72.7329281715,
  "ents_r":46.7560833051,
  "ents_f":56.9208299004,
  "tags_acc":100.0,
  "token_acc":100.0
}