{
  "uas":0.0,
  "las":0.0,
  "ents_p":79.3960319004,
  "ents_r":50.2261051466,
  "ents_f":61.5288952535,
  "tags_acc":100.0,
  "token_acc":100.0
}