{
  "uas":0.0,
  "las":0.0,
  "ents_p":80.064623519,
  "ents_r":50.30916418,
  "ents_f":61.791321104,
  "tags_acc":100.0,
  "token_acc":100.0
}